spot_name,city_id,spot_number,spot_address,spot_rating,spot_website,description,content_link
John F. Kennedy Center for the Performing Arts,1,202-467-4600,"2700 F St NW, Washington, DC 20566",4.8,https://www.kennedy-center.org,"A grand venue for theater, music, and dance performances on the Potomac River. Enjoy Broadway shows, symphonies, ballets, and rooftop skyline views—an iconic and elegant DC date night.",https://www.instagram.com/p/CrpARYQOjY3/
The Anthem,1,202-888-0020,"901 Wharf St SW, Washington, DC 20024",4.7,https://www.theanthemdc.com,"A cutting-edge waterfront concert hall with stunning views, top-tier bands, and vibrant energy. The ultimate live music date spot—perfect for couples who love an exciting night out.",https://www.instagram.com/theanthemdc/
Blues Alley,1,202-337-4141,"1073 Wisconsin Ave NW, Washington, DC 20007",4.1,https://www.bluesalley.com,"A legendary, cozy jazz club in Georgetown serving live music nightly since 1965. The candle-lit, intimate atmosphere is perfect for a classic, romantic date.",https://www.instagram.com/bluesalleydc/
DC Improv Comedy Club,1,202-296-7008,"1140 Connecticut Ave NW, Washington, DC 20036",4.1,https://www.dcimprov.com,"The city’s top comedy club: big names, local stars, cabaret-style seating, dinner, and drinks. An evening of laughter and connection for any couple.",https://www.instagram.com/p/B90NiojBNgA/
The Escape Game DC (Georgetown),1,202-410-3210,"3345 M St NW, Washington, DC 20007",5.0,https://theescapegame.com/washingtondc,"A 60-minute, high-energy adventure where you and your date solve puzzles and race the clock to 'escape' themed rooms. Perfect for playful, teamwork-loving pairs.",https://www.instagram.com/explore/locations/199540410480302/escape-room-live-dc-georgetown/
Swingers Crazy Golf,1,202-968-1080,"1330 19th St NW, Washington, DC 20036",4.5,https://www.swingers.club/us/locations/washington-dc/,"A two-level, adults-only mini-golf venue with quirky themed courses, cocktails, street food, DJs, and a vibrant party vibe. Bring a sense of humor—this spot is wild fun.",https://www.instagram.com/p/DGwCahlx_Df/
The Mansion on O Street,1,202-496-2020,"2020 O St NW, Washington, DC 20036",4.3,https://www.omansion.com,"Tour a mansion filled with 100+ rooms and 80+ secret doors—plus art, music memorabilia, and quirky treasures. A whimsical, interactive adventure for curious couples.",https://www.instagram.com/omansion/
Monuments by Moonlight Night Tour,1,202-832-9800,"50 Massachusetts Ave NE, Washington, DC 20002",4.6,https://www.trolleytours.com/washington-dc/monuments-by-moonlight,"See DC's iconic monuments glow after dark with a fun, guided trolley tour. Romantic, crowd-free, and filled with history—an enchanting shared adventure.",https://www.instagram.com/p/DDAGxpNPPbL/
9:30 Club,1,202-265-0930,"815 V St NW, Washington, DC 20001",4.6,https://www.930.com,"Legendary concert venue hosting indie bands, secret shows, and big acts. An up-close, energetic music experience—perfect for concert-loving couples.",https://www.instagram.com/930club/
Arena Stage at the Mead Center,1,202-488-3300,"1101 6th St SW, Washington, DC 20024",4.5,https://www.arenastage.org,"A renowned regional theater with powerful plays, Broadway-bound musicals, and immersive, in-the-round stages. Share the thrill of live theater—just steps from The Wharf.",https://www.instagram.com/arenastage/
Edge (Hudson Yards Sky Deck),2,332-204-8500,"30 Hudson Yards, New York, NY 10001",4.0,https://www.edgenyc.com,"The highest outdoor sky deck in the Western Hemisphere, with glass floors, angled walls, and champagne bar—breathtaking 360° NYC views for a thrilling, romantic date.",https://www.instagram.com/p/DKNGUlJOtpa/
Summit One Vanderbilt,2,877-682-1401,"45 E 42nd St, New York, NY 10017",4.6,https://summitov.com,"Futuristic, multi-sensory observatory experience with infinity mirrors, art, and dramatic skyboxes—one of NYC’s most dazzling date spots.",https://www.instagram.com/summitov/
Comedy Cellar,2,212-254-3480,"117 MacDougal St, New York, NY 10012",4.0,https://www.comedycellar.com,"NYC’s legendary comedy basement—iconic, intimate, and full of surprises. Share laughs together and maybe spot a famous comic dropping in.",https://www.instagram.com/comedycellarusa/
Drunk Shakespeare,2,no phone number,"35 W 39th St, New York, NY 10018",4.5,https://www.drunkshakespeare.com,"Hilarious off-Broadway show: classically-trained actors perform Shakespeare as one gets outrageously drunk—outrageous, clever, and interactive.",https://www.instagram.com/p/DKLAHWBPX-j/
AIRE Ancient Baths,2,917-563-4542,"88 Franklin St, New York, NY 10013",4.5,https://beaire.com,"Candlelit, Old World-inspired spa with thermal pools and massages in a restored Tribeca factory—luxurious, ultra-romantic date night.",https://www.instagram.com/aireancientbaths_us/
Blue Note Jazz Club,2,212-475-8592,"131 W 3rd St, New York, NY 10012",4.0,https://www.bluenotejazz.com,"Historic, cozy Greenwich Village jazz club—legendary musicians, great cocktails, and a moody vibe for an unforgettable music date.",https://www.instagram.com/bluenotenyc/
The Metropolitan Museum of Art,2,212-535-7710,"1000 5th Ave, New York, NY 10028",5.0,https://www.metmuseum.org,"The Met’s 5,000 years of art, Friday/Saturday night hours, and rooftop garden cocktails create a dreamy, classic NYC date.",https://www.instagram.com/metmuseum/
The High Line,2,212-500-6035,"Gansevoort St to 34th St, along 10th Ave, New York, NY 10011",4.5,https://www.thehighline.org,"Elevated, lush park for a romantic walk, art installations, and skyline views—a peaceful, trendy escape above city streets.",https://www.instagram.com/highlinenyc/
Color Factory,2,347-378-4071,"251 Spring St, New York, NY 10013",4.5,https://www.colorfactory.co,"Playful, immersive art experience packed with color, photo ops, and interactive installations—whimsical, cheerful, and unforgettable for couples.",https://www.instagram.com/colorfactoryco/
Rooftop Cinema Club Midtown,2,no phone number,"60 West 37th St, New York, NY 10018",4.5,https://rooftopcinemaclub.com/new-york/,"Open-air rooftop movie screenings with deck chairs, skyline views, and cocktails—classic films under the stars for a trendy, cozy date.",https://www.instagram.com/rooftopcinemaclub/
Fox Theatre,3,855-285-8499,"660 Peachtree St NE, Atlanta, GA 30308",4.8,https://www.foxtheatre.org,"Historic 1929 theater with dazzling shows, concerts, and movies—a glamorous, classic Atlanta night out.",https://www.instagram.com/p/C17dJsfOzy4/
SkyView Atlanta,3,678-949-9023,"168 Luckie St NW, Atlanta, GA 30303",4.2,https://www.skyviewatlanta.com,Climate-controlled Ferris wheel with city views—romantic at sunset or night for a memorable date.,https://www.instagram.com/skyviewatl/
Atlanta Botanical Garden,3,404-876-5859,"1345 Piedmont Ave NE, Atlanta, GA 30309",4.8,https://atlantabg.org,"30-acre gardens with art, illuminated night events, and lush conservatories—enchanting, peaceful, and perfect for strolling together.",https://www.instagram.com/atlbotanical/
Ponce City Market Roof,3,404-900-7900,"675 Ponce De Leon Ave NE, Atlanta, GA 30308",4.6,https://www.poncecityroof.com,"Rooftop mini-golf, carnival games, bars, and skyline views—a playful date experience in Atlanta’s hottest market.",https://www.instagram.com/poncecityroof/
Center for Puppetry Arts,3,404-873-3391,"1404 Spring St NW, Atlanta, GA 30309",4.8,https://puppet.org,"Quirky, whimsical puppet museum and theater—see Muppets, enjoy a show, or try puppet-making together.",https://www.instagram.com/centerforpuppetryarts/
Starlight Drive-In Theatre,3,404-627-5786,"2000 Moreland Ave SE, Atlanta, GA 30316",4.5,https://starlightdrivein.com,"Classic drive-in movie experience—watch a double feature from your car for a cozy, retro date-night vibe.",https://www.instagram.com/starlightdrivein/
Illuminarium Atlanta,3,404-341-1000,"550 Somerset Terrace NE, Atlanta, GA 30306",4.3,https://www.illuminarium.com/atlanta,"Futuristic, immersive projections—space, safari, and artistic digital worlds for a wow-worthy, sensory date.",https://www.instagram.com/illuminariumatl/
High Museum of Art,3,404-733-4400,"1280 Peachtree St NE, Atlanta, GA 30309",4.7,https://high.org,"Atlanta’s top art museum—stroll world-class exhibits, enjoy Friday jazz nights, and spark creative conversation together.",https://www.instagram.com/highmuseumofart/
Painted Duck,3,404-352-0048,"976 Brady Ave NW, Atlanta, GA 30318",4.6,https://thepaintedduckatl.com,"Sleek, adults-only gaming venue—boutique bowling, shuffleboard, horseshoes, and lively nightlife.",https://www.instagram.com/paintedduckatl/
Fernbank After Dark,3,404-929-6300,"767 Clifton Rd, Atlanta, GA 30307",4.6,https://fernbankmuseum.org,"Adults-only science museum nights: live music, cocktails, dino skeletons, planetarium shows, and hands-on fun.",https://www.instagram.com/fernbankmuseum/
View Boston,4,617-544-3535,"800 Boylston St, Boston, MA 02199",4.7,https://viewboston.com,"Boston's three-story observatory with 360° city views, an open-air deck, immersive exhibits, and a rooftop bar—a dazzling, romantic spot high above Back Bay.",https://www.instagram.com/view_boston/
Institute of Contemporary Art (ICA),4,617-478-3100,"25 Harbor Shore Dr, Boston, MA 02210",4.3,https://www.icaboston.org/,"Striking modern art museum on the waterfront, with late-night galleries, bold installations, and beautiful harbor views for art-loving couples.",https://www.instagram.com/icaboston/
Improv Asylum,4,617-263-6887,"216 Hanover St, Boston, MA 02113",4.5,http://www.improvasylum.com,"Hilarious improv and sketch comedy club in the North End—intimate, lively, and full of unpredictable laughs for a playful night out.",https://www.instagram.com/improvasylum/
Puttshack Boston,4,617-295-7888,"58 Pier 4 Blvd, Boston, MA 02210",4.0,https://www.puttshack.com/locations/boston,"Trendy, tech-infused mini-golf with neon-lit courses, interactive obstacles, music, and a bar—competitive, high-energy fun for couples.",https://www.tiktok.com/discover/what-to-wear-at-puttshack-boston
A4cade (Roxy’s Arcade Bar),4,617-714-4858,"292 Massachusetts Ave, Cambridge, MA 02139",4.5,http://www.roxysarcade.com,"Hidden speakeasy arcade bar with 50+ retro games, pinball, themed cocktails, and a lively throwback atmosphere—playful, quirky, and unique.",https://www.instagram.com/roxysarcade/
Knight Moves Board Game Café,4,617-487-5259,"1402 Beacon St, Brookline, MA 02446",4.5,http://knightmovescafe.com,"Cozy, geek-chic café with hundreds of board games, coffee, and snacks—unplug and reconnect over a battle of wits for a relaxed, creative date.",https://www.instagram.com/knightmovescafe/
Urban Axes Boston,4,857-997-0025,"2 Union Square, Somerville, MA 02143",4.5,https://urbanaxes.com/boston,"Axe-throwing in a cool warehouse setting—coached games, lively energy, and a beer/wine bar for a thrilling, out-of-the-box date.",https://www.instagram.com/urbanaxes/
Trapology Boston,4,857-285-2085,"177 Tremont St (2nd Floor), Boston, MA 02111",5.0,https://trapologyboston.com,"Award-winning escape room adventures with immersive sets, clever puzzles, and dramatic themes—test your teamwork and make fun memories together.",https://www.instagram.com/p/CcIgO4KrOOy/
The Lawn On D,4,877-393-3393,"420 D St, Boston, MA 02210",4.0,https://www.signatureboston.com/lawn-on-d,"Outdoor park with illuminated swings, lawn games, live music, art installations, and a festive, playful vibe—free, open-air date spot (seasonal).",https://www.instagram.com/lawnond/
Coolidge Corner Theatre,4,617-734-2500,"290 Harvard St, Brookline, MA 02446",4.5,https://coolidge.org,"Restored Art Deco movie palace showing indie, classic, and cult films—iconic, intimate, and perfect for a nostalgic or artsy movie date.",https://www.instagram.com/thecoolidge/
The Franklin Institute,5,215-448-1200,"222 N 20th St, Philadelphia, PA 19103",4.7,https://www.fi.edu,"Philly's famous science museum, with hands-on exhibits, planetarium, and giant heart—plus adults-only events for a fun, curious date.",https://www.instagram.com/p/C-dJNgqx2Va/
Philadelphia Museum of Art,5,215-763-8100,"2600 Benjamin Franklin Pkwy, Philadelphia, PA 19130",4.7,https://philamuseum.org,"Iconic, grand art museum (think: Rocky Steps!), with world-class galleries, special exhibits, and romantic river views.",https://www.instagram.com/philamuseum/
Blue Cross RiverRink Winterfest,5,215-925-7465,"101 S Christopher Columbus Blvd, Philadelphia, PA 19106",4.5,https://www.delawareriverwaterfront.com/places/blue-cross-riverrink-winterfest,"Seasonal outdoor ice skating, fire pits, cabins, and riverside ambiance—magical for a cozy winter date.",https://www.instagram.com/ibxriverrink/
Spruce Street Harbor Park,5,215-922-2386,"301 S Christopher Columbus Blvd, Philadelphia, PA 19106",4.6,https://www.delawareriverwaterfront.com/places/spruce-street-harbor-park,"Vibrant pop-up park with hammocks, floating gardens, arcade games, and riverside fun—best for summer nights.",https://www.instagram.com/sprucestreetharborpark/
Philadelphia Magic Gardens,5,215-733-0390,"1020 South St, Philadelphia, PA 19147",4.7,https://www.phillymagicgardens.org,"Mesmerizing indoor and outdoor mosaic maze filled with whimsical art, mirrors, and hidden gems. Explore colorful passageways and take unique photos together—magical and romantic, especially for creative couples.",https://www.instagram.com/phillymagicgardens/
Escape the Room Philly,5,267-703-8317,"1528 Walnut St, Philadelphia, PA 19102",4.8,https://escapetheroom.com/philadelphia/,Immersive escape rooms with creative themes—test your puzzle-solving and teamwork skills together.,https://www.instagram.com/oldecityescapegames/
Punch Line Philly,5,215-606-6555,"33 E Laurel St, Philadelphia, PA 19123",4.4,https://punchlinephilly.com,"Stand-up comedy club with big names and local comics—lively, laughter-filled date night.",https://www.instagram.com/punchlinephilly/
Barcade,5,215-561-1000,"1114 Frankford Ave, Philadelphia, PA 19125",4.6,https://barcade.com/location/philadelphia/,"Arcade bar with 50+ classic video games and pinball—fun, unique, and full of nostalgia.",https://www.instagram.com/p/C2NtfJfRnT1/
One Liberty Observation Deck,5,215-561-3325,"1650 Market St, Philadelphia, PA 19103",4.5,https://phillyfromthetop.com,"57 floors up, 360° city views, interactive exhibits, and selfie-perfect scenery for couples.",https://www.instagram.com/onelibertyphl/
Franklin Square Mini Golf & Carousel,5,215-629-4026,"200 N 6th St, Philadelphia, PA 19106",4.5,https://historicphiladelphia.org/franklin-square/,"Charming, historic city park with Philly-themed mini-golf, an old-fashioned carousel, fountains, and frequent seasonal festivals—fun, casual, and great for playful or nostalgic dates.",https://www.instagram.com/p/C35Z-NqtEmN/
Rooftop Cinema Club South Beach,6,310-343-8750,"1212 Lincoln Rd, Miami Beach, FL 33139",4.5,https://rooftopcinemaclub.com/miami/,"Open-air rooftop movie theater with panoramic skyline views, cozy lounge seating, and wireless headphones. Couples can cuddle up for classics and new releases under the stars—a breezy, romantic movie date.",https://www.instagram.com/rooftopcinemaclub/
Candle Land Miami (Coral Gables),6,305-397-8471,"154 Giralda Ave, Coral Gables, FL 33134",4.9,https://candlelandmiami.com/,"Hands-on candle-making studio where couples create custom candles together—a creative, fun, and memorable activity that ends with a personalized souvenir.",https://www.instagram.com/candleland_miami/
Faena Theater (at Faena Hotel),6,786-655-5742,"3201 Collins Ave, Miami Beach, FL 33140",4.4,https://www.faenatheater.com/,"Glamorous, intimate venue for cabaret, live jazz, and dazzling shows—dress up for a vintage-style night of cocktails and world-class entertainment.",https://www.instagram.com/faenatheater/
Miami Roller Rink,6,305-702-0285,"12265 SW 112th St, Miami, FL 33186",5.0,https://miamirollerrink.com/,"Revamped classic roller skating rink—lively, nostalgic, and full of energy. Glide hand-in-hand to music under the disco lights for pure date-night fun.",https://www.instagram.com/miamirollerrink/
Puttshack Miami (Brickell),6,786-233-7888,"701 S Miami Ave, Level 4, Miami, FL 33130",4.5,https://www.puttshack.com/locations/miami,"Tech-infused, neon-lit mini golf with high-energy music and interactive courses—friendly competition, cocktails, and plenty of laughs for couples.",https://www.tiktok.com/discover/puttshack-brickell-miami
Ball & Chain,6,305-775-4805,"1513 SW 8th St, Miami, FL 33135",4.2,https://ballandchainmiami.com/,"Historic Little Havana live music lounge—salsa, jazz, tropical cocktails, and a vintage courtyard. Dance and enjoy Miami’s best Latin vibes together.",https://www.instagram.com/p/DKqFE4kh7CI/
Nite Owl Drive-In,6,no phone number,"1400 NE 1st Ave, Miami, FL 33132",4.9,https://niteowldrivein.com/,"Retro-style drive-in cinema with two nightly screenings—snuggle up in the car for a nostalgic, indie-cool outdoor movie night.",https://www.instagram.com/niteowldrive_in/
Superblue Miami,6,786-697-3405,"1101 NW 23rd St, Miami, FL 33127",4.5,https://superblue.com/miami/,"Immersive art experience with large-scale digital installations—wander through dreamlike rooms and interactive exhibits for a mesmerizing, photo-worthy date.",https://www.instagram.com/superblue.art/
Basement Miami (at The Edition Hotel),6,786-257-4595,"2901 Collins Ave, Miami Beach, FL 33140",3.6,https://basementmiami.com/,"Nightlife playground featuring a club, boutique bowling alley, and indoor ice rink—dance, bowl, or skate together for a high-energy, playful night out.",https://www.instagram.com/basementmiami/
Lagniappe,6,305-576-0108,"3425 NE 2nd Ave, Miami, FL 33137",4.6,https://lagniappehouse.com/,"Laid-back wine garden and jazz spot with live music nightly, string lights, and a cozy patio—grab wine, relax, and enjoy soulful tunes in a bohemian vibe.",https://www.instagram.com/lagniappe_house/
NASCAR Hall of Fame,7,704-654-4400,"400 E Martin Luther King Jr Blvd, Charlotte, NC 28202",4.7,https://www.nascarhall.com/,"Interactive, high-tech museum where couples can race simulators, explore legendary cars, and experience hands-on exhibits—fun for sports fans and newbies alike.",https://www.instagram.com/nascarhall/
The Mint Museum Uptown,7,704-337-2000,"500 S Tryon St, Charlotte, NC 28202",4.6,https://mintmuseum.org/,"Modern art, fashion, and design museum with city views, rotating exhibitions, and late-night events for a creative, romantic date.",https://www.instagram.com/themintmuseum/
Stroke,7,980-859-4887,"1318 Pecan Ave, Charlotte, NC 28205",4.8,https://strokeputt.com/,"Cool, adults-only mini golf lounge with themed holes, stylish décor, full bar, and upbeat atmosphere—friendly competition and cocktails guaranteed.",https://www.instagram.com/p/DJJdvtkO0qI/
The Escape Game Charlotte,7,704-769-6670,"210 E Trade St #E286, Charlotte, NC 28202",4.9,https://theescapegame.com/charlotte/,Top-rated escape room adventure with immersive sets and puzzles—work as a team to beat the clock and crack creative challenges together.,https://www.instagram.com/keepersofbalance/
Pins Mechanical Company,7,704-831-9100,"307 W Tremont Ave, Charlotte, NC 28203",4.7,https://www.pinsbar.com/locations/charlotte-nc/,"Vintage gaming bar with duckpin bowling, pinball, bocce, and giant Jenga—hip, lively, and perfect for playful couples.",https://www.instagram.com/pins.clt/
District 57,7,980-430-4300,"1526 Elizabeth Ave, Charlotte, NC 28204",4.9,https://district57.com/,"Immersive, team-based game center with 30+ challenge rooms—think live-action puzzle-solving for adults with a futuristic twist.",https://www.instagram.com/district57clt/
Aloha Fun Center,7,980-207-1131,"5637 N Sharon Amity Rd, Charlotte, NC 28215",4.6,https://alohafuncenter.com/,"Roller skating, laser tag, arcade games, and glow mini golf—all in one retro-inspired, high-energy venue.",https://www.instagram.com/p/CxrJKpHsMVG/
McColl Center for Art + Innovation,7,704-332-5535,"721 N Tryon St, Charlotte, NC 28202",4.7,https://mccollcenter.org/,"Contemporary art gallery and studio space in a historic church—features artist residencies, rotating exhibitions, and creative events for couples who love culture.",https://www.instagram.com/p/DJE4mifp8Tn/
The Dinner Detective,7,866-496-0535,"230 N College St, Charlotte, NC 28202",4.5,https://www.thedinnerdetective.com/charlotte/,"Interactive murder mystery show with actors mingling among guests—a comedic, immersive experience for couples who love a twist of suspense and laughter.",https://www.instagram.com/p/C31AZRgPvi0/
Funny Bus Comedy City Tour,7,704-659-3186,"301 E 7th St, Charlotte, NC 28202",4.9,https://funnybus.net/,"Stand-up comedy tour on a moving bus—see city sights, laugh nonstop, and BYO beverages for a rolling, lighthearted date night.",https://www.instagram.com/p/DDqlbxrsVL8/
Country Music Hall of Fame,8,615-416-2001,"222 Rep. John Lewis Way S, Nashville, TN 37203",4.7,https://countrymusichalloffame.org/,"Legendary museum featuring interactive exhibits, famous costumes, and live music—romantic and inspiring for music-loving couples.",https://www.instagram.com/countrymusichof/
The Escape Game Nashville,8,615-647-8229,"510 E Iris Dr, Nashville, TN 37204",4.9,https://theescapegame.com/nashville/,"Top-rated immersive escape rooms—team up to solve puzzles, discover clues, and race the clock in themed adventures.",https://www.instagram.com/p/C15FfUwRjqs/
Pinewood Social,8,615-751-8111,"33 Peabody St, Nashville, TN 37210",4.4,https://pinewoodsocial.com/,"Vintage bowling lanes, arcade games, outdoor pool, and a cozy vibe—relaxed, playful date spot with activities for every mood.",https://www.instagram.com/pinewoodnashville/
Grand Ole Opry,8,615-871-6779,"600 Opry Mills Dr, Nashville, TN 37214",4.8,https://www.opry.com/,"Iconic live music venue with concerts, tours, and a legendary atmosphere—see country’s biggest stars and rising acts.",https://www.instagram.com/opry/
Cheekwood Estate & Gardens,8,615-356-8000,"1200 Forrest Park Dr, Nashville, TN 37205",4.7,https://cheekwood.org/,"Stroll 55 acres of lush gardens, art installations, and historic mansion—ideal for a romantic daytime or evening date, especially during seasonal light shows.",https://www.instagram.com/cheekwood/
Adventure Science Center,8,615-862-5160,"800 Fort Negley Blvd, Nashville, TN 37203",4.5,https://www.adventuresci.org/,"Interactive science museum with planetarium, hands-on exhibits, and after-dark adults-only events—a playful, curious date for all ages.",https://www.instagram.com/adventuresci/
The Rabbit Hole VR,8,615-669-0041,"1807 9th Ave N, Nashville, TN 37208",4.9,https://therabbitholevr.com/,"Futuristic VR gaming center—explore virtual worlds, team up in adventures, and laugh together in an unforgettable, immersive date experience.",https://www.instagram.com/therabbitholevr/
Natchez Trace Parkway Bridge (Night Walk),8,800-305-7417,"Natchez Trace Pkwy, Franklin, TN 37064",4.8,https://www.nps.gov/natr/index.htm,"Stunning double-arch bridge—walk at sunset or under the stars for breathtaking views, perfect for a peaceful, romantic outing.",https://www.instagram.com/p/Cr0g_uSNIyA/
The Parthenon (Centennial Park),8,615-862-8431,"2500 West End Ave, Nashville, TN 37203",4.7,https://www.nashvilleparthenon.com/,"Full-scale replica of Athens’ Parthenon with art museum inside—picnic in Centennial Park or explore exhibits for a classic, cultural date.",https://www.instagram.com/p/DFehbfuMKAN/
Belcourt Theatre,8,615-846-3150,"2102 Belcourt Ave, Nashville, TN 37212",4.8,https://www.belcourt.org/,"Historic indie cinema showing new releases, classics, and late-night cult favorites—intimate, vintage, and ideal for movie-loving couples.",https://www.instagram.com/belcourttheatre/
360 CHICAGO Observation Deck,9,888-875-8439,"875 N Michigan Ave, Chicago, IL 60611",4.6,https://360chicago.com/,"Breathtaking 94th-floor skydeck with panoramic city and lake views—“TILT” thrill ride for the bold. A dramatic, memorable night above the lights.",https://www.instagram.com/360chicago/
Museum of Contemporary Art Chicago,9,312-280-2660,"220 E Chicago Ave, Chicago, IL 60611",4.5,https://mcachicago.org/,"Cutting-edge art museum with late-night hours, rotating exhibits, and special events—ideal for creative, conversation-filled dates.",https://www.instagram.com/mcachicago/
Second City,9,312-337-3992,"1616 N Wells St, Chicago, IL 60614",4.7,https://www.secondcity.com/chicago-shows/,"Historic improv and sketch comedy theater—legendary venue where many stars got their start. Hilarious, intimate, and always new.",https://www.instagram.com/thesecondcity/
Wndr Museum,9,312-216-9488,"1130 W Monroe St, Chicago, IL 60607",4.7,https://wndrmuseum.com/,"Immersive, interactive art and science museum with light shows, illusions, and hands-on exhibits—playful, imaginative date-night fun.",https://www.instagram.com/wndrmuseum/
Flight Club Darts Chicago,9,312-940-5858,"111 W Wacker Dr, Chicago, IL 60601",4.7,https://flightclubdartsusa.com/chicago/,"Social darts lounge with stylish decor, games, and craft cocktails—competitive and upbeat, perfect for couples seeking lively energy.",https://www.instagram.com/sheena.eats.food/p/CS4j9HUrugi/
Chicago Magic Lounge,9,312-366-4500,"5050 N Clark St, Chicago, IL 60640",4.9,https://www.chicagomagiclounge.com/,"Speakeasy-style club featuring close-up magic, stage shows, and a retro vibe—intimate, whimsical, and totally unique.",https://www.instagram.com/chicagomagiclounge/
Punch Bowl Social Chicago,9,312-809-9551,"310 N Green St, Chicago, IL 60607",4.4,https://punchbowlsocial.com/location/chicago/,"Vintage gaming emporium—bowling, arcade, karaoke, giant board games, and more in a hip, sprawling venue.",https://www.instagram.com/punchbowlsocial/
Architectural Boat Tour (Shoreline),9,312-222-9328,"400 N Michigan Ave, Chicago, IL 60611",4.8,https://shorelinesightseeing.com/,Famous river cruises showing off Chicago’s iconic skyscrapers—romantic sunset tours available.,https://www.tiktok.com/discover/shoreline-architecture-vs-wendell-boat-tour-chicago
The Violet Hour,9,773-252-1500,"1520 N Damen Ave, Chicago, IL 60622",4.6,https://theviolethour.com/,"Award-winning, candlelit cocktail lounge with inventive drinks and a speakeasy feel—intimate, romantic, and perfect for slow conversation.",https://www.instagram.com/violethourchicago/
WhirlyBall Chicago,9,773-486-7777,"1825 W Webster Ave, Chicago, IL 60614",4.7,https://whirlyball.com/chicago-il/,"Wild and hilarious team sport blending bumper cars, basketball, and lacrosse—unpredictable, goofy, and guaranteed to spark laughs.",https://www.instagram.com/whirlyball/
The Neon Museum,10,702-387-6366,"770 Las Vegas Blvd N, Las Vegas, NV 89101",4.7,https://www.neonmuseum.org/,"Outdoor museum featuring restored vintage neon signs—romantic, retro, and magical after dark; guided night tours are a must for couples.",https://www.instagram.com/theneonmuseumlasvegas/
The High Roller (LINQ),10,702-322-0593,"3545 S Las Vegas Blvd, Las Vegas, NV 89109",4.5,https://www.caesars.com/linq/high-roller,"550-foot observation wheel with panoramic city views—ride at sunset or night for a dazzling, romantic experience above the Strip.",https://www.tiktok.com/tag/linqpromenade
Omega Mart (AREA15),10,725-241-6300,"3215 S Rancho Dr, Las Vegas, NV 89102",4.7,https://area15.com/experiences/omega-mart/,"Surreal, immersive art experience blending supermarket parody, interactive mystery, and mind-bending installations—fun, playful, and very Vegas.",https://www.instagram.com/p/C6Y2TyoP4KA/
Absinthe (Spiegeltent at Caesars Palace),10,702-534-3419,"3570 S Las Vegas Blvd, Las Vegas, NV 89109",4.7,https://absinthevegas.com/,"Wildly entertaining adults-only circus, cabaret, and comedy show—hilarious, risqué, and intimate; one of the Strip’s most acclaimed spectacles.",https://www.instagram.com/p/CSMw8NWHWel/
Bellagio Conservatory & Botanical Gardens,10,702-693-7111,"3600 S Las Vegas Blvd, Las Vegas, NV 89109",4.8,https://bellagio.mgmresorts.com/en/entertainment/conservatory-botanical-garden.html,"Indoor botanical garden with stunning seasonal displays—romantic strolls, vibrant colors, and magical photo ops, all for free.",https://www.instagram.com/p/DKxsnE1BTkB/
The Sphere Experience,10,725-258-6724,"255 Sands Ave, Las Vegas, NV 89169",4.6,https://thespherevegas.com/,Futuristic venue with mind-blowing LED visuals and immersive shows—Vegas’ hottest new tech marvel; unforgettable date-night energy.,https://www.instagram.com/spherevegas/
Adventuredome at Circus Circus,10,702-794-3939,"2880 S Las Vegas Blvd, Las Vegas, NV 89109",4.2,https://www.circuscircus.com/en/things-to-do/the-adventuredome.html,"Indoor amusement park with roller coasters, games, and thrill rides—a playful, action-packed spot for adventurous couples.",https://www.instagram.com/circusvegas/
The Escape Game Las Vegas,10,702-710-8144,"3500 Las Vegas Blvd S, Ste T09, Las Vegas, NV 89109",4.9,https://theescapegame.com/lasvegas/,"Premium, immersive escape rooms—work as a team to solve puzzles, uncover clues, and conquer inventive scenarios.",https://www.instagram.com/p/DGRQIlCyDsE/
Fly LINQ Zipline,10,702-777-2782,"3545 S Las Vegas Blvd, Las Vegas, NV 89109",4.5,https://www.caesars.com/linq/things-to-do/fly-linq,"Soar 12 stories above the Strip on Vegas’ only zipline! Ride side by side with your date for a high-flying, adrenaline-filled adventure and epic views over the LINQ Promenade—unforgettable for thrill-seeking couples.",https://www.instagram.com/flylinq/?locale=zh_CN&hl=am-et
Minus5 ICEBAR (at Mandalay Bay),10,702-293-3388,"3930 S Las Vegas Blvd, Las Vegas, NV 89119",4.4,https://minus5experience.com/locations/las-vegas/,"Step into a frozen lounge made entirely of ice—don faux fur coats, sip creative cocktails, and take icy selfies together for a quirky, fun date.",https://www.instagram.com/p/C53vuHUIBur/
